<project xmlns="http://maven.apache.org/POM/4.0.0" xmlns:xsi="http://www.w3.org/2001/XMLSchema-instance" xsi:schemaLocation="http://maven.apache.org/POM/4.0.0 http://maven.apache.org/xsd/maven-4.0.0.xsd">
  <modelVersion>4.0.0</modelVersion>										
   <parent>										
        <groupId>org.springframework.boot</groupId>										
        <artifactId>spring-boot-starter-parent</artifactId>										
        <version>1.4.0.RELEASE</version>										
    </parent>										
  <groupId>com.gary</groupId>										
  <artifactId>nettyserver</artifactId>										
  <version>0.0.1-SNAPSHOT</version>										
  <name>blog</name>										
  <description>nettyserver</description>										
  <dependencies>										
	  <dependency>									
				<groupId>org.springframework.boot</groupId>						
				<artifactId>spring-boot-starter-web</artifactId>						
	  </dependency>	
	  <dependency>
		    <groupId>io.netty</groupId>
		    <artifactId>netty-all</artifactId>
		    <version>4.1.9.Final</version>
	  </dependency>								
  </dependencies>										
	<build>									
		<plugins>								
			<plugin>							
				<groupId>org.springframework.boot</groupId>						
				<artifactId>spring-boot-maven-plugin</artifactId>						
			</plugin>							
		</plugins>								
	</build>									
</project>										
